排名,中文名,日文名,英文名,综合评分,海报图片,横幅图片,ANILIST_评分,ANILIST_投票数,ANILIST_排名,BANGUMI_评分,BANGUMI_投票数,BANGUMI_排名,DOUBAN_评分,DOUBAN_投票数,DOUBAN_排名,FILMARKS_评分,FILMARKS_投票数,FILMARKS_排名,IMDB_评分,IMDB_投票数,IMDB_排名,MAL_评分,MAL_投票数,MAL_排名
1,剧场版 鬼灭之刃 无限城篇 第一章 猗窝座再袭,劇場版「鬼滅の刃」無限城編 第一章 猗窩座再来,Demon Slayer: Kimetsu no Yaiba Infinity Castle,1.436,https://s4.anilist.co/file/anilistcdn/media/anime/cover/medium/bx178788-zm3gtpB9TpRt.jpg,https://s4.anilist.co/file/anilistcdn/media/anime/banner/178788-tSHb5MiaNBNL.jpg,8.6,3508,3,7.7,553,6,8.8,13973,6,8.4,33829,11,8.6,196918,4,8.77,7023,2
2,剧场版 鬼灭之刃 无限城篇 第一章 猗窝座再袭,劇場版 鬼滅の刃 無限城編,Demon Slayer: Kimetsu no Yaiba Infinity Castle,1.436,https://s4.anilist.co/file/anilistcdn/media/anime/cover/medium/default.jpg,https://s4.anilist.co/file/anilistcdn/media/anime/banner/178788-tSHb5MiaNBNL.jpg,8.6,3508,4,7.7,553,7,8.8,13973,7,8.4,33829,12,8.6,196918,5,8.77,7023,3
3,章鱼哔的原罪,タコピーの原罪,Takopi's Original Sin,1.344,https://s4.anilist.co/file/anilistcdn/media/anime/cover/medium/bx185407-7uzY4fA3hokP.jpg,https://s4.anilist.co/file/anilistcdn/media/anime/banner/185407-WOKgyadY4Pr1.jpg,8.7,22666,1,7.0,7075,17,8.0,9137,16,8.2,10208,13,9.0,16383,1,8.9,87353,1
4,碧蓝之海 第二季,ぐらんぶる Season 2,Grand Blue Dreaming Season 2,1.303,https://s4.anilist.co/file/anilistcdn/media/anime/cover/medium/bx182309-tThxqSRn3At1.jpg,https://s4.anilist.co/file/anilistcdn/media/anime/banner/182309-kvcHexJjshIV.jpg,8.3,2704,6,7.6,2391,9,8.8,1558,5,8.6,497,7,7.9,5647,18,8.68,15190,5
5,薰香花朵凛然绽放,薫る花は凛と咲く,The Fragrant Flower Blooms With Dignity,1.293,https://s4.anilist.co/file/anilistcdn/media/anime/cover/medium/bx181444-Ut9DDUZdfHwg.jpg,https://s4.anilist.co/file/anilistcdn/media/anime/banner/181444-SBhwJNPxjHrr.jpg,8.6,7429,2,7.0,1519,19,8.1,1500,12,8.2,1528,15,8.8,2935,2,8.73,33627,4
6,诡秘之主 小丑篇,诡秘之主 小丑篇,Lord of Mysteries,1.278,https://s4.anilist.co/file/anilistcdn/media/anime/cover/medium/bx137667-zHFOF6qbpksP.jpg,https://s4.anilist.co/file/anilistcdn/media/anime/banner/137667-AhUoT3NFgbif.jpg,8.2,4417,7,6.1,224,37,,,,6.6,32,55,8.7,7596,3,8.58,18692,6
7,更衣人偶坠入爱河 第二季,その着せ替え人形は恋をする Season 2,My Dress-Up Darling Season 2,1.246,https://s4.anilist.co/file/anilistcdn/media/anime/cover/medium/bx154768-DHHvNd4MjV1p.jpg,https://s4.anilist.co/file/anilistcdn/media/anime/banner/154768-EuZd63IcqsVq.jpg,8.2,7374,8,7.8,2255,2,8.9,1421,4,8.6,1478,5,7.9,20979,17,8.39,32291,8
8,青春笨蛋少年不做圣诞服女郎的梦,青春ブタ野郎はサンタクロースの夢を見ない,Rascal Does Not Dream of Santa Claus,1.13,https://s4.anilist.co/file/anilistcdn/media/anime/cover/medium/bx171046-9leqLiNuOqNu.png,https://s4.anilist.co/file/anilistcdn/media/anime/banner/171046-PjeeUUfeaVyR.jpg,8.1,2657,10,7.1,1170,14,8.4,676,10,8.8,458,3,8.4,815,7,8.29,12518,9
9,新 吊带袜天使,New PANTY&STOCKING with GARTERBELT,New PANTY & STOCKING with GARTERBELT,1.061,https://s4.anilist.co/file/anilistcdn/media/anime/cover/medium/bx151799-igwbH3AffgHc.jpg,https://s4.anilist.co/file/anilistcdn/media/anime/banner/151799-WsBD1zyaha5p.jpg,8.0,1355,13,8.2,2255,1,9.1,1677,1,9.0,429,1,7.3,3470,34,7.74,210803,22
10,彻夜之歌 第二季,よふかしのうた Season 2,Call of the Night Season 2,1.027,https://s4.anilist.co/file/anilistcdn/media/anime/cover/medium/bx175914-VsbL90WzuqoM.jpg,https://s4.anilist.co/file/anilistcdn/media/anime/banner/175914-K0Hw6bg3Tf5i.jpg,8.1,3559,9,7.7,1238,5,9.0,495,2,7.8,600,28,7.4,5263,29,8.26,14697,10
11,美乐蒂&amp;库洛米,My Melody & Kuromi,My Melody & Kuromi,1.011,https://s4.anilist.co/file/anilistcdn/media/anime/cover/medium/bx186043-nXyStyc58cFd.jpg,https://s4.anilist.co/file/anilistcdn/media/anime/banner/186043-o2JJIMlMuRIe.jpg,7.8,573,18,6.8,36,30,,,,8.6,1194,8,8.3,412,9,7.94,1294,16
12,光死去的夏天,光が死んだ夏,The Summer Hikaru Died,0.993,https://s4.anilist.co/file/anilistcdn/media/anime/cover/medium/bx177689-d0mB5nYgdnhi.jpg,https://s4.anilist.co/file/anilistcdn/media/anime/banner/177689-hbCQDYraujAG.jpg,8.0,5118,11,7.0,1125,20,8.7,3901,8,8.2,2699,16,8.1,2172,13,8.16,22152,12
13,小城日常,CITY THE ANIMATION,CITY THE ANIMATION,0.959,https://s4.anilist.co/file/anilistcdn/media/anime/cover/medium/bx181841-9TcjIyZefot2.jpg,https://s4.anilist.co/file/anilistcdn/media/anime/banner/181841-aegccbKnNjxK.jpg,7.8,2331,16,7.6,2892,8,9.0,2964,3,8.0,654,23,7.6,203,26,7.89,6883,19
14,琉璃的宝石,瑠璃の宝石,Ruri Rocks,0.827,https://s4.anilist.co/file/anilistcdn/media/anime/cover/medium/bx180929-ytdzqbrOhots.jpg,https://s4.anilist.co/file/anilistcdn/media/anime/banner/180929-HUn5e8gpygL8.jpg,7.5,1627,23,7.8,2085,3,8.1,375,13,8.6,623,6,7.7,115,22,7.71,5655,23
15,胆大党 第二季,ダンダダン 第2期,DAN DA DAN Season 2,0.785,https://s4.anilist.co/file/anilistcdn/media/anime/cover/medium/bx185660-uB8RUMBGovGr.jpg,https://s4.anilist.co/file/anilistcdn/media/anime/banner/185660-NdXFgzcYmcDz.jpg,8.3,9949,5,7.3,1925,12,6.8,2463,27,8.2,2462,14,7.1,1598,37,8.52,46428,7
16,石纪元 科学与未来 第2部分,Dr.STONE SCIENCE FUTURE 2クール,Dr. STONE SCIENCE FUTURE Cour 2,0.782,https://s4.anilist.co/file/anilistcdn/media/anime/cover/medium/bx189117-EJQHOFjLoK2k.png,,8.0,2799,12,7.1,367,16,8.5,350,9,7.0,703,50,7.4,157,32,8.22,12718,11
17,咔嗒咔嗒,ガチアクタ,Gachiakuta,0.705,https://s4.anilist.co/file/anilistcdn/media/anime/cover/medium/bx178025-cWJKEsZynkil.jpg,https://s4.anilist.co/file/anilistcdn/media/anime/banner/178025-KH3NSrRChfGy.jpg,7.8,6168,15,5.8,415,43,,,,7.8,1103,30,8.2,3179,10,8.05,31742,13
18,Silent Witch 沉默魔女的秘密,サイレント・ウィッチ 沈黙の魔女の隠しごと,Secrets of the Silent Witch,0.701,https://s4.anilist.co/file/anilistcdn/media/anime/cover/medium/bx179966-g0EU7rVe2Og7.jpg,https://s4.anilist.co/file/anilistcdn/media/anime/banner/179966-hf71VrF1zhPM.jpg,7.8,3459,14,7.0,2190,18,,,,7.8,699,29,7.1,407,38,8.02,15081,14
19,克雷瓦提斯-魔兽之王与婴儿与尸之勇者-,クレバテス-魔獣の王と赤子と屍の勇者,Clevatess,0.689,https://s4.anilist.co/file/anilistcdn/media/anime/cover/medium/bx178869-qiEz0gQD8H5N.png,https://s4.anilist.co/file/anilistcdn/media/anime/banner/178869-ZFn0hKphaLtk.jpg,7.6,2655,20,6.9,901,21,8.0,482,17,8.0,231,19,8.0,794,14,7.88,14308,20
20,克雷瓦提斯-魔兽之王与婴儿与尸之勇者-,クレバテス-魔獣の王と赤子と屍の勇者-,Clevatess,0.689,https://s4.anilist.co/file/anilistcdn/media/anime/cover/medium/bx178869-qiEz0gQD8H5N.png,https://s4.anilist.co/file/anilistcdn/media/anime/banner/178869-ZFn0hKphaLtk.jpg,7.6,2655,21,6.9,901,22,8.0,482,18,8.0,231,20,8.0,794,15,7.88,14308,21
21,怪兽8号 第二季,怪獣８号 第２期,Kaiju No. 8 Season 2,0.538,https://s4.anilist.co/file/anilistcdn/media/anime/cover/medium/bx178754-Dgrub8xgC03M.jpg,https://s4.anilist.co/file/anilistcdn/media/anime/banner/178754-pzQw3EJ0DYO9.jpg,7.8,4090,17,5.7,415,46,7.2,1362,25,8.0,1242,27,8.3,24770,8,7.92,20095,17
22,坂本日常 第2部分,SAKAMOTO DAYS 第２クール,SAKAMOTO DAYS Part 2,0.514,https://s4.anilist.co/file/anilistcdn/media/anime/cover/medium/bx184237-OJAksU2fsIPx.jpg,https://s4.anilist.co/file/anilistcdn/media/anime/banner/184237-SBj6UJvIWAOg.jpg,7.7,3053,19,6.0,320,39,7.9,522,20,7.8,1038,36,6.8,15,56,7.91,14896,18
23,云深不知梦,云深不知梦,Eclipse of Illusion,0.462,,,,,,7.1,12,15,,,,8.0,2349,22,7.8,1255,19,7.21,114,37
24,放学后少年花子君 续篇,地縛少年花子くん２ 後編,Toilet-Bound Hanako-kun Season 2 Part 2,0.461,https://s4.anilist.co/file/anilistcdn/media/anime/cover/medium/bx189326-kaYdWFxyyYdx.jpg,https://s4.anilist.co/file/anilistcdn/media/anime/banner/189326-QgANtHkolp8i.jpg,7.6,752,22,6.1,319,38,7.8,374,21,7.8,160,31,7.5,3393,27,7.97,3154,15
25,明天，美食广场见。,フードコートで、また明日。,See You Tomorrow at the Food Court,0.454,https://s4.anilist.co/file/anilistcdn/media/anime/cover/medium/bx185519-cuRKYBlZ3uWw.jpg,https://s4.anilist.co/file/anilistcdn/media/anime/banner/185519-WRtGn9JOriG8.jpg,7.3,2515,30,7.4,2875,11,7.7,564,22,7.8,497,33,7.0,63,46,7.54,6494,31
26,转生为第七王子，随心所欲的魔法学习之路 第二季,転生したら第七王子だったので、気ままに魔術を極めます 第2期,I Was Reincarnated as the 7th Prince so I Can Take My Time Perfecting My Magical Ability Season 2,0.408,https://s4.anilist.co/file/anilistcdn/media/anime/cover/medium/bx178090-1OOScJqXLjRd.png,https://s4.anilist.co/file/anilistcdn/media/anime/banner/178090-EgKftuHoDJB7.jpg,7.5,1953,25,6.9,526,27,,,,8.0,396,26,6.8,2129,54,7.61,8062,30
27,转生为第七王子，随心所欲的魔法学习之路 第二季,転生したら第七王子だったので、気ままに魔術を極めます 第2期,I Was Reincarnated as the 7th Prince so I Can Take My Time Perfecting My Magical Ability Season 2,0.408,https://s4.anilist.co/file/anilistcdn/media/anime/cover/medium/bx178090-1OOScJqXLjRd.png,https://s4.anilist.co/file/anilistcdn/media/anime/banner/178090-EgKftuHoDJB7.jpg,7.5,1953,24,6.9,526,26,,,,8.0,396,25,6.8,2129,53,7.61,8061,29
28,拔作岛,ぬきたし THE ANIMATION,Nukitashi THE ANIMATION,0.398,https://s4.anilist.co/file/anilistcdn/media/anime/cover/medium/bx174188-fZg8iePD9Dca.jpg,https://s4.anilist.co/file/anilistcdn/media/anime/banner/174188-zHfBIXSeesMT.jpg,6.8,1101,39,7.8,3406,4,7.6,1112,24,8.8,111,4,6.9,259,48,7.33,52590,33
29,帝乃三姐妹原来很好搞定。,帝乃三姉妹は案外、チョロい。,Dealing with Mikadono Sisters Is a Breeze,0.365,https://s4.anilist.co/file/anilistcdn/media/anime/cover/medium/bx178886-KjzSXyEB61zX.jpg,,7.4,1720,27,6.5,462,34,,,,7.0,271,51,7.7,223,24,7.63,7080,27
30,和雨和你,雨と君と,With You and the Rain,0.346,https://s4.anilist.co/file/anilistcdn/media/anime/cover/medium/bx180425-e5yNWog1hDuu.jpg,https://s4.anilist.co/file/anilistcdn/media/anime/banner/180425-l3CldufhygVc.jpg,7.1,1038,32,6.9,611,23,8.1,482,14,7.8,536,32,7.1,132,39,7.45,4359,32
31,去K歌吧！,カラオケ行こ！,Let's Go Karaoke!,0.339,https://s4.anilist.co/file/anilistcdn/media/anime/cover/medium/bx183127-NuhBFFae2NYe.jpg,,7.0,374,34,6.7,104,32,7.7,50387,23,8.2,691,18,8.2,39,11,7.62,1458,28
32,银河特急 银河☆地铁,銀河特急 ミルキー☆サブウェイ,Milky☆Subway: The Galactic Limited Express,0.312,https://s4.anilist.co/file/anilistcdn/media/anime/cover/medium/bx189069-mDKZPNUNKFOD.jpg,https://s4.anilist.co/file/anilistcdn/media/anime/banner/189069-t19Ag9Tqyy8Q.jpg,6.7,261,41,6.8,168,29,,,,8.8,348,2,8.1,25,12,7.08,761,42
33,我怎么可能成为你的恋人，不行不行！(※不是不可能！？),わたしが恋人になれるわけないじゃん、ムリムリ! (※ムリじゃなかった!?),There's No Freaking Way I'll Be Your Lover! Unless...,0.251,https://s4.anilist.co/file/anilistcdn/media/anime/cover/medium/bx184591-jRXZ29bN61Zc.jpg,,7.4,2082,26,7.2,2401,13,8.4,917,11,8.2,251,17,7.4,143,30,6.17,5416,71
34,盾之勇者成名录 第四季,盾の勇者の成り上がり Season 4,The Rising of the Shield Hero Season 4,0.105,https://s4.anilist.co/file/anilistcdn/media/anime/cover/medium/bx173780-O7v1YfXg61JT.png,,7.0,2129,33,5.4,236,56,,,,7.8,229,34,7.7,21268,23,7.25,9404,34
35,Douluo Dalu: Jiandao Chen Xin,斗罗大陆剧场版 剑道尘心,,0.069,,,,,,5.5,22,52,,,,7.4,103,45,,,,7.23,156,36
36,Shin Kidou Senki Gundam Wing: Operation 30th,【30周年記念映像】新機動戦記ガンダムW-operation30th-,Mobile Suit Gundam Wing 30th Anniversary Video: Operation 30th,0.052,https://s4.anilist.co/file/anilistcdn/media/anime/cover/medium/bx196482-LsLzWVLJThXc.jpg,https://s4.anilist.co/file/anilistcdn/media/anime/banner/196482-dMdm6A9A9SP1.jpg,7.0,235,35,,,,,,,7.8,1248,37,,,,6.85,154,48
37,地狱老师 OVA,地獄先生ぬ～べ～,Hell Teacher: Jigoku Sensei Nube,0.043,https://s4.anilist.co/file/anilistcdn/media/anime/cover/medium/2012.jpg,https://s4.anilist.co/file/anilistcdn/media/anime/banner/2012-8BtBvNe85st0.jpg,7.2,1037,31,6.8,23,28,,,,8.0,2413,21,7.4,49,28,6.66,2010,55
38,不良少女,ばっどがーる,Bad Girl,0.017,https://s4.anilist.co/file/anilistcdn/media/anime/cover/medium/bx178675-cTYMOedSpXsJ.jpg,,6.6,911,45,6.7,1141,31,7.9,13174,19,7.6,192,38,7.1,40,41,6.78,2828,49
39,欢迎光临流放者食堂！,追放者食堂へようこそ！,Welcome to the Outcast's Restaurant!,-0.025,https://s4.anilist.co/file/anilistcdn/media/anime/cover/medium/bx185544-V9XoC8yJ906f.jpg,,6.7,1172,42,5.8,485,42,,,,7.4,273,42,7.9,102,16,7.18,5378,40
40,噗妮露是可爱史莱姆 第二季,ぷにるはかわいいスライム 第2期,Puniru is a Kawaii Slime Season 2,-0.096,https://s4.anilist.co/file/anilistcdn/media/anime/cover/medium/bx185755-xMle6RCAPwA6.png,https://s4.anilist.co/file/anilistcdn/media/anime/banner/185755-moB5bSDuJNm7.jpg,6.2,169,57,7.4,644,10,,,,8.4,52,10,5.4,114,73,6.99,526,43
41,Long Zu II: Daowangzhe Zhi Tong,龙族Ⅱ：悼亡者之瞳,Dragon Raja II -The Mourner's Eyes-,-0.13,https://s4.anilist.co/file/anilistcdn/media/anime/cover/medium/bx157692-lihmnuJGcbM6.png,,6.6,149,48,4.0,68,74,8.1,27362,15,5.8,281,73,7.7,1993,25,7.64,533,26
42,与游戏中心的少女异文化交流的故事,ゲーセン少女と異文化交流,Cultural Exchange with a Game Centre Girl,-0.153,https://s4.anilist.co/file/anilistcdn/media/anime/cover/medium/bx180794-rQGxkguEc2ov.png,,6.4,943,49,6.9,1526,24,6.6,173,30,7.4,147,43,7.8,89,20,6.76,3690,51
43,与游戏中心的少女异文化交流的故事,ゲーセン少女と異文化交流,Cultural Exchange With a Game Centre Girl,-0.153,https://s4.anilist.co/file/anilistcdn/media/anime/cover/medium/bx180794-rQGxkguEc2ov.png,,6.4,943,50,6.9,1526,25,6.6,173,31,7.4,147,44,7.8,89,21,6.76,3690,52
44,歌声是千层派,うたごえはミルフィーユ,Harmony of Mille-Feuille,-0.224,https://s4.anilist.co/file/anilistcdn/media/anime/cover/medium/bx166215-3GkidWAYu5cr.png,,5.3,130,72,5.4,344,57,,,,7.0,80,53,8.5,523328,6,6.07,383,74
45,最近的侦探真没用,まったく最近の探偵ときたら,Detectives These Days Are Crazy!,-0.264,https://s4.anilist.co/file/anilistcdn/media/anime/cover/medium/bx180460-rZn4pp9YNqW0.jpg,https://s4.anilist.co/file/anilistcdn/media/anime/banner/180460-Id13IZ4FSBuf.jpg,6.7,1151,40,6.5,845,33,6.7,303,29,7.4,247,41,6.0,153,68,7.14,4805,41
46,明日方舟：焰烬曙明,アークナイツ 焔燼曙明,Arknights: RISE FROM EMBER,-0.347,https://s4.anilist.co/file/anilistcdn/media/anime/cover/medium/bx177175-cr5tlJIj7dEi.jpg,https://s4.anilist.co/file/anilistcdn/media/anime/banner/177175-8obfhwGOFXuk.jpg,7.3,495,28,6.3,228,35,,,,3.6,50,76,5.5,75,71,7.68,1839,24
47,明日方舟：焰烬曙明,アークナイツ【焔燼曙明/RISE FROM EMBER】,Arknights: Rise from Ember,-0.347,https://s4.anilist.co/file/anilistcdn/media/anime/cover/medium/bx177175-cr5tlJIj7dEi.jpg,https://s4.anilist.co/file/anilistcdn/media/anime/banner/177175-8obfhwGOFXuk.jpg,7.3,495,29,6.3,228,36,,,,3.6,50,77,5.5,75,72,7.68,1839,25
48,衣衫褴褛的大小姐受到姐姐前未婚夫的宠爱,ずたぼろ令嬢は姉の元婚約者に溺愛される,Betrothed to My Sister's Ex,-0.352,https://s4.anilist.co/file/anilistcdn/media/anime/cover/medium/bx179879-569v3MdQeVmt.jpg,https://s4.anilist.co/file/anilistcdn/media/anime/banner/179879-LLw7UPZcd22x.jpg,6.9,951,36,4.7,88,69,,,,6.4,170,63,7.0,118,45,7.24,4489,35
49,异世界默示录米诺戈拉 ～从灭亡的文明开始的世界征服～,異世界黙示録マイノグーラ ～破滅の文明で始める世界征服～,Apocalypse Bringer Mynoghra: World Conquest Starts with the Civilization of Ruin,-0.422,https://s4.anilist.co/file/anilistcdn/media/anime/cover/medium/bx178433-8KzNsjTmdAvw.jpg,,6.7,1791,43,5.5,290,48,,,,6.0,94,67,7.1,218,40,6.94,8645,45
50,杜鹃的婚约 第二季,カッコウの許嫁 Season2,A Couple of Cuckoos Season 2,-0.442,https://s4.anilist.co/file/anilistcdn/media/anime/cover/medium/bx179828-Yc1b1R2dxQyc.jpg,,6.6,999,46,5.1,166,61,,,,7.0,170,49,6.8,2415,52,6.94,4385,46
51,利维坦号战记,リヴァイアサン,Leviathan,-0.459,https://s4.anilist.co/file/anilistcdn/media/anime/cover/medium/bx177887-CDAgIrZOQvZc.jpg,https://s4.anilist.co/file/anilistcdn/media/anime/banner/177887-wGy2HdlQdS9G.jpg,6.6,607,47,4.9,67,64,6.8,240,28,7.8,182,35,6.6,486,59,6.9,2028,47
52,水属性的魔法师,水属性の魔法使い,The Water Magician,-0.517,https://s4.anilist.co/file/anilistcdn/media/anime/cover/medium/bx186052-zq8h0Qo0O0sP.jpg,,6.8,3055,37,5.4,555,54,5.6,223,36,6.4,237,60,7.0,431,43,7.19,13917,38
53,水属性的魔法师,水属性の魔法使い,The Water Magician,-0.517,https://s4.anilist.co/file/anilistcdn/media/anime/cover/medium/bx186052-zq8h0Qo0O0sP.jpg,,6.8,3055,38,5.4,555,55,5.6,223,37,6.4,237,62,7.0,431,44,7.19,13917,39
54,禁止出入的鼹鼠,出禁のモグラ,Dekin no Mogura: The Earthbound Mole,-0.542,https://s4.anilist.co/file/anilistcdn/media/anime/cover/medium/bx184574-Mb2qvX1e3RgG.jpg,,5.8,498,67,5.9,222,40,7.0,195,26,8.0,385,24,7.3,63,33,6.17,1800,70
55,阿松 第四季,おそ松さん 第4期,Mr. Osomatsu 4th Season,-0.588,https://s4.anilist.co/file/anilistcdn/media/anime/cover/medium/bx145985-yIeSw33Stvnx.jpg,,4.8,63,73,5.5,37,49,,,,7.6,269,39,7.4,509,31,6.58,417,57
56,桃源暗鬼,桃源暗鬼,TOUGEN ANKI,-0.588,https://s4.anilist.co/file/anilistcdn/media/anime/cover/medium/bx177474-oHil1yLWldfl.jpg,,6.7,1994,44,4.9,150,65,5.7,236,35,7.2,687,46,6.8,622,55,6.97,8940,44
57,费马的料理,フェルマーの料理,Fermat Kitchen,-0.597,https://s4.anilist.co/file/anilistcdn/media/anime/cover/medium/bx186003-scKw8JoTtnMT.jpg,,6.3,426,54,4.8,227,66,,,,7.0,173,47,7.2,347,36,6.66,1667,56
58,SUGAR SUGAR RUNE: Les deux sorcières,SUGAR SUGAR RUNE: Les deux sorcières,Sugar Sugar Rune: Les deux sorcières,-0.631,https://s4.anilist.co/file/anilistcdn/media/anime/cover/medium/bx195517-7rdcy3jbuW81.jpg,,6.3,143,52,5.7,22,45,,,,6.4,3,61,,,,6.77,315,50
59,暗芝居 第十五季,闇芝居 十五期,Theatre of Darkness: Yamishibai 15,-0.643,https://s4.anilist.co/file/anilistcdn/media/anime/cover/medium/bx194088-lzp3BHNx0tnY.png,,,,,4.8,12,68,,,,7.0,315,52,7.0,1024,47,5.95,204,76
60,公爵千金的家庭教师,公女殿下の家庭教師,Private Tutor to the Duke's Daughter,-0.739,https://s4.anilist.co/file/anilistcdn/media/anime/cover/medium/bx170113-dk9h9ybZnGnZ.jpg,,6.2,1219,55,5.8,588,41,,,,5.8,118,71,6.6,132,57,6.54,5005,58
61,公爵千金的家庭教师,公女殿下の家庭教師,Private Tutor to the Duke's Daughter,-0.739,https://s4.anilist.co/file/anilistcdn/media/anime/cover/medium/bx170113-dk9h9ybZnGnZ.jpg,,6.2,1219,58,5.8,588,44,,,,5.8,118,72,6.6,132,58,6.54,5005,59
62,保龄球少女！,Turkey!,Turkey! Time to Strike,-0.805,https://s4.anilist.co/file/anilistcdn/media/anime/cover/medium/bx159483-nQKJ2EEqoo8x.jpg,https://s4.anilist.co/file/anilistcdn/media/anime/banner/159483-XG5lHavBPS0w.jpg,5.8,648,68,5.5,886,50,,,,7.6,213,40,6.2,35,65,6.15,1881,73
63,强者的新传说,強くてニューサーガ,New Saga,-0.821,https://s4.anilist.co/file/anilistcdn/media/anime/cover/medium/bx155838-0zx6MTeoo5sk.jpg,,6.3,1277,51,5.4,205,53,,,,5.4,102,74,6.4,198,60,6.67,5681,54
64,双人单身露营,ふたりソロキャンプ,Solo Camping for Two,-0.826,https://s4.anilist.co/file/anilistcdn/media/anime/cover/medium/bx185965-LlzTLSTBUbEA.jpg,https://s4.anilist.co/file/anilistcdn/media/anime/banner/185965-9YtD3BC30w26.jpg,6.1,852,61,5.5,207,51,,,,6.2,149,66,6.3,51,63,6.53,2903,62
65,为丑女献上花束。,ブスに花束を。,April Showers Bring May Flowers,-0.832,https://s4.anilist.co/file/anilistcdn/media/anime/cover/medium/bx156395-LW98bhT54IuM.png,https://s4.anilist.co/file/anilistcdn/media/anime/banner/156395-V60PSAOKauDU.jpg,6.3,602,53,5.2,199,59,5.9,211,33,6.6,231,57,7.2,36,35,6.73,2397,53
66,Cardfight!! Vanguard: Divinez Deluxe Kesshou-hen,カードファイト!! ヴァンガード Divinez デラックス決勝編,CARDFIGHT!! VANGUARD Divinez DELUXE Finals,-0.845,https://s4.anilist.co/file/anilistcdn/media/anime/cover/medium/bx191994-hRBORUotkRjI.jpg,,,,,,,,,,,2.0,3,78,5.9,19,69,6.53,103,61
67,杀手旅店,ホテル・インヒューマンズ,Hotel Inhumans,-0.859,https://s4.anilist.co/file/anilistcdn/media/anime/cover/medium/bx184034-gjIi5TIHJpZv.jpg,https://s4.anilist.co/file/anilistcdn/media/anime/banner/184034-iqhrtWaMTlwA.jpg,6.0,561,64,5.3,181,58,,,,6.0,184,69,6.8,65,51,6.5,2049,63
68,转生成自动贩卖机的我今天也在迷宫徘徊 第二季,自動販売機に生まれ変わった俺は迷宮を彷徨う 2nd Season,"Reborn as a Vending Machine, I Now Wander the Dungeon Season 2",-0.864,https://s4.anilist.co/file/anilistcdn/media/anime/cover/medium/bx169440-MhlOxaIyASRu.jpg,,6.2,993,56,5.0,145,62,,,,6.6,119,56,6.2,1076,64,6.53,4096,60
69,美男高校地球防卫部High collar！,美男高校地球防衛部ハイカラ！,Cute High Earth Defense Club Hi-CARA!,-0.875,https://s4.anilist.co/file/anilistcdn/media/anime/cover/medium/bx188138-uflx1ZZo5XsE.jpg,,,,,5.2,14,60,,,,6.6,42,58,7.1,150,42,6.02,202,75
70,Koisuru One Piece Zenyasai Tokubetsu-hen,恋するワンピース前夜祭特別編,One Piece in Love Festival Eve Special,-0.879,https://s4.anilist.co/file/anilistcdn/media/anime/cover/medium/bx197179-ZiG6K2SkSsPU.jpg,,5.7,117,69,,,,,,,7.0,951,54,,,,6.23,291,69
71,租借女友 第四季,彼女、お借りします 第4期,Rent-a-Girlfriend Season 4,-0.914,https://s4.anilist.co/file/anilistcdn/media/anime/cover/medium/bx179344-GQzJfehpQI72.png,,6.0,1610,63,3.5,293,75,,,,8.4,249,9,6.8,10576,50,6.16,7074,72
72,肥宅勇者,ブサメンガチファイター,"Uglymug, Epicfighter",-0.982,https://s4.anilist.co/file/anilistcdn/media/anime/cover/medium/bx184575-hEzI5V8o818U.png,,6.1,976,59,5.6,520,47,5.7,260,34,6.2,143,64,6.4,123,61,6.39,4759,64
73,活死喵之夜,ニャイト・オブ・ザ・リビングキャット,Nyaight of the Living Cat,-1.043,https://s4.anilist.co/file/anilistcdn/media/anime/cover/medium/bx175124-eDYbn0W5F4to.jpg,https://s4.anilist.co/file/anilistcdn/media/anime/banner/175124-lxJPpMs1JGIc.jpg,6.0,659,65,5.0,236,63,6.0,218,32,6.6,230,59,6.4,158,62,6.26,2805,68
74,被驱逐出勇者队伍的白魔导师， 被S级冒险者捡到,勇者パーティーを追放された白魔導師、Sランク冒険者に拾われる ～この白魔導師が規格外すぎる～,Scooped Up by an S-Ranked Adventurer,-1.112,https://s4.anilist.co/file/anilistcdn/media/anime/cover/medium/bx179885-m1nu1QvnRmII.jpg,,6.1,1323,62,4.5,253,72,,,,6.0,166,70,6.1,128,67,6.36,6190,66
75,被驱逐出勇者队伍的白魔导师， 被S级冒险者捡到,勇者パーティーを追放された白魔導師、Sランク冒険者に拾われる ～この白魔導師が規格外すぎる～,Scooped Up by an S-Rank Adventurer!,-1.112,https://s4.anilist.co/file/anilistcdn/media/anime/cover/medium/bx179885-m1nu1QvnRmII.jpg,,6.1,1323,60,4.5,253,71,,,,6.0,166,68,6.1,128,66,6.36,6188,65
76,渡君的XX即将崩坏,渡くんの××が崩壊寸前,Watari-kun's ****** Is about to Collapse,-1.271,https://s4.anilist.co/file/anilistcdn/media/anime/cover/medium/bx169420-u4wDhHlTfX9P.jpg,https://s4.anilist.co/file/anilistcdn/media/anime/banner/169420-jdvNFYe9Oa4v.jpg,5.9,1192,66,4.7,273,70,,,,5.2,62,75,5.8,151,70,6.34,5042,67
77,9-nine- 支配者的王冠,9-nine- Ruler's Crown,,-1.336,https://s4.anilist.co/file/anilistcdn/media/anime/cover/medium/bx177761-KdJxyWwdBdiS.jpg,,5.3,284,71,4.8,545,67,,,,7.0,99,48,6.8,21,49,5.8,879,78
78,黑化吧！圣女大人,傷だらけ聖女より報復をこめて,"With Vengeance, Sincerely, Your Broken Saintess",-1.595,https://s4.anilist.co/file/anilistcdn/media/anime/cover/medium/b195209-IwHhCJUcmoK0.jpg,,5.4,243,70,4.0,71,73,,,,6.2,73,65,3.6,5,74,5.83,1507,77
